<?xml version='1.0' standalone='yes'?>
<extension>
  <name>PLUGIN_RADIOFRANCE</name>
  <creator>Paul Webster</creator>
  <defaultState>enabled</defaultState>
  <description>PLUGIN_RADIOFRANCE_DESC</description>
  <email></email>
  <homepageURL>http://www.dabdig.blogspot.com</homepageURL>
  <module>Plugins::RadioFrance::Plugin</module>
  <optionsURL>plugins/RadioFrance/settings/basic.html</optionsURL>
  <targetApplication>
    <id>SqueezeCenter</id>
    <maxVersion>*</maxVersion>
    <minVersion>7.5</minVersion>
  </targetApplication>
  <type>2</type>
  <version>0.1.24</version>
</extension>
